yvy-Z4*mQXOIdA/g
L_B8hZQNPX]ep*AZ
M]=;"C#I??rQNy-P
I&o(wsNF[yYR@I2A
ytp%6m@k56U+x;P,
colin,schoology,!K37l2*m]_NY^%1PfO2FpmLqIj}pV
colin1,google,>iRs?;zoLLYT
colinmcphail,amazon,md1g%k@((xt+%J
colinmcphail,google,"2mDJ5NzUr1Q4wOVbYZ,3gIRGr<yL9bFxo@M7hd%&xxM7td3?)17Y"
colinmcphail,google,"MQ<7,i&%ff[W%h#=F$AepV2UCuhye=8Q^#A3gbe"
colinmcphail,google,!:;E-2XDJ?xsFaObNav3Jd
colinmcphail,schoology,JAELQIRIAN
pnelson,amazon,",_.ZT_y]TPOfE40%"
pnelson,google,",_.ZT_y]TPOfE40%"
pnelson,google,",_.ZT_y]TPOfE40%"
pnelson,john,"@=+.;_-.=)+,"
pnelson,amazon12,M8H.+B=fXk?3
pnelson,johnny,M8H.+B=fXk?3
pnelson,google,USptct4uh9Fu
